experiment,epochs,learning_rate,batch_size,train_ratio,split_method,seed,optimizer,loss_function,hidden_layers,neurons,activation,amplitude,omega,beta,phase,duration,samples,MSE,MAE,Maximum_error
1,500,0.0005,32,0.8,random,42,Adam,MSELoss,3,128,Tanh,1,2,0.1,0,10,1000,4.20496471633669e-05,0.004874139092862606,0.02263575792312622
2,500,0.0005,32,0.8,random,42,Adam,MSELoss,3,128,Tanh,1,2,0.2,0,10,1000,7.406236545648426e-05,0.006865707691758871,0.021438047289848328
3,500,0.0005,32,0.8,random,42,Adam,MSELoss,3,128,Tanh,1,2,0.3,0,10,1000,1.8681605070014484e-05,0.003415345912799239,0.01653633639216423
4,500,0.0005,32,0.8,random,42,Adam,MSELoss,3,128,Tanh,1,2,0.4,0,10,1000,3.453433237154968e-05,0.004455328918993473,0.018742430955171585
5,500,0.0005,32,0.8,random,42,Adam,MSELoss,3,128,Tanh,1,2,0.5,0,10,1000,1.84431246452732e-05,0.0038219797424972057,0.009824013337492943
6,500,0.0005,32,0.8,random,42,Adam,MSELoss,3,128,Tanh,1,2,0.6,0,10,1000,2.613392825878691e-05,0.004147152416408062,0.009682036936283112
7,500,0.0005,32,0.8,random,42,Adam,MSELoss,3,128,Tanh,1,2,0.7,0,10,1000,6.79920703987591e-05,0.006807359866797924,0.018564820289611816
8,500,0.0005,32,0.8,random,42,Adam,MSELoss,3,128,Tanh,1,2,0.8,0,10,1000,2.073394352919422e-05,0.004035383928567171,0.007946029305458069
9,500,0.0005,32,0.8,random,42,Adam,MSELoss,3,128,Tanh,1,2,0.9,0,10,1000,1.5248304407577962e-05,0.0034961861092597246,0.007184745278209448
10,500,0.0005,32,0.8,random,42,Adam,MSELoss,3,128,Tanh,1,2,1.0,0,10,1000,8.663092557981145e-06,0.0024785231798887253,0.007411658763885498
11,500,0.0005,32,0.8,random,57,Adam,MSELoss,3,128,Tanh,1,2,0.1,0,10,1000,0.00016393038094975054,0.009201773442327976,0.031243499368429184
12,500,0.0005,32,0.8,random,57,Adam,MSELoss,3,128,Tanh,1,2,0.2,0,10,1000,0.00010888598626479506,0.009296990931034088,0.02433132380247116
13,500,0.0005,32,0.8,random,57,Adam,MSELoss,3,128,Tanh,1,2,0.3,0,10,1000,4.797254587174393e-05,0.0057050003670156,0.030285269021987915
14,500,0.0005,32,0.8,random,57,Adam,MSELoss,3,128,Tanh,1,2,0.4,0,10,1000,6.228446000022814e-05,0.006553546991199255,0.023805104196071625
15,500,0.0005,32,0.8,random,57,Adam,MSELoss,3,128,Tanh,1,2,0.5,0,10,1000,1.772260839061346e-05,0.003273176960647106,0.009434301406145096
16,500,0.0005,32,0.8,random,57,Adam,MSELoss,3,128,Tanh,1,2,0.6,0,10,1000,3.4136002796003595e-05,0.004986653570085764,0.011400820687413216
17,500,0.0005,32,0.8,random,57,Adam,MSELoss,3,128,Tanh,1,2,0.7,0,10,1000,2.7898890039068647e-05,0.004155615344643593,0.01102576032280922
18,500,0.0005,32,0.8,random,57,Adam,MSELoss,3,128,Tanh,1,2,0.8,0,10,1000,2.039451828750316e-05,0.0037276744842529297,0.009152859449386597
19,500,0.0005,32,0.8,random,57,Adam,MSELoss,3,128,Tanh,1,2,0.9,0,10,1000,9.140957445197273e-06,0.002574702724814415,0.00739702582359314
20,500,0.0005,32,0.8,random,57,Adam,MSELoss,3,128,Tanh,1,2,1.0,0,10,1000,1.162341777671827e-05,0.0027734271716326475,0.007829969748854637
1,500,0.0005,32,0.8,random,123,Adam,MSELoss,3,128,Tanh,1,2,0.1,0,10,1000,4.176303627900779e-05,0.004380649421364069,0.028021007776260376
2,500,0.0005,32,0.8,random,123,Adam,MSELoss,3,128,Tanh,1,2,0.2,0,10,1000,0.00014834526518825442,0.008111353032290936,0.03640314191579819
3,500,0.0005,32,0.8,random,123,Adam,MSELoss,3,128,Tanh,1,2,0.3,0,10,1000,2.0174324163235724e-05,0.003472247626632452,0.023028377443552017
4,500,0.0005,32,0.8,random,123,Adam,MSELoss,3,128,Tanh,1,2,0.4,0,10,1000,1.8556260329205543e-05,0.0032590918708592653,0.01736113801598549
5,500,0.0005,32,0.8,random,123,Adam,MSELoss,3,128,Tanh,1,2,0.5,0,10,1000,2.838224099832587e-05,0.003712086472660303,0.01384287141263485
6,500,0.0005,32,0.8,random,123,Adam,MSELoss,3,128,Tanh,1,2,0.6,0,10,1000,1.7825244867708534e-05,0.0038612335920333862,0.007202845066785812
7,500,0.0005,32,0.8,random,123,Adam,MSELoss,3,128,Tanh,1,2,0.7,0,10,1000,2.2609463485423476e-05,0.0038504768162965775,0.008632108569145203
8,500,0.0005,32,0.8,random,123,Adam,MSELoss,3,128,Tanh,1,2,0.8,0,10,1000,1.1243982044106815e-05,0.0027699151542037725,0.007373332977294922
9,500,0.0005,32,0.8,random,123,Adam,MSELoss,3,128,Tanh,1,2,0.9,0,10,1000,1.0438196113682352e-05,0.0028210619930177927,0.005491648800671101
10,500,0.0005,32,0.8,random,123,Adam,MSELoss,3,128,Tanh,1,2,1.0,0,10,1000,4.0672221075510606e-05,0.005623634904623032,0.01214754581451416
11,500,0.0005,32,0.8,random,999,Adam,MSELoss,3,128,Tanh,1,2,0.1,0,10,1000,0.0004868070827797055,0.01831849291920662,0.05471552908420563
12,500,0.0005,32,0.8,random,999,Adam,MSELoss,3,128,Tanh,1,2,0.2,0,10,1000,4.4696596887661144e-05,0.00458639906719327,0.025914780795574188
13,500,0.0005,32,0.8,random,999,Adam,MSELoss,3,128,Tanh,1,2,0.3,0,10,1000,5.1691207772819325e-05,0.006087297108024359,0.016107607632875443
14,500,0.0005,32,0.8,random,999,Adam,MSELoss,3,128,Tanh,1,2,0.4,0,10,1000,5.804905595141463e-05,0.006579837761819363,0.017016751691699028
15,500,0.0005,32,0.8,random,999,Adam,MSELoss,3,128,Tanh,1,2,0.5,0,10,1000,1.2684139619523194e-05,0.0028676092624664307,0.0095549076795578
16,500,0.0005,32,0.8,random,999,Adam,MSELoss,3,128,Tanh,1,2,0.6,0,10,1000,8.624682232039049e-05,0.007832384668290615,0.02018708735704422
17,500,0.0005,32,0.8,random,999,Adam,MSELoss,3,128,Tanh,1,2,0.7,0,10,1000,4.687050750362687e-05,0.005427075549960136,0.013912682421505451
18,500,0.0005,32,0.8,random,999,Adam,MSELoss,3,128,Tanh,1,2,0.8,0,10,1000,3.279477095929906e-05,0.004987264983355999,0.01123160868883133
19,500,0.0005,32,0.8,random,999,Adam,MSELoss,3,128,Tanh,1,2,0.9,0,10,1000,9.779066203918774e-06,0.0025371641386300325,0.006796516478061676
20,500,0.0005,32,0.8,random,999,Adam,MSELoss,3,128,Tanh,1,2,1.0,0,10,1000,1.679830893408507e-05,0.003230134956538677,0.009362518787384033
21,500,0.0005,32,0.8,random,2026,Adam,MSELoss,3,128,Tanh,1,2,0.1,0,10,1000,6.949586531845853e-05,0.006584378890693188,0.029496878385543823
22,500,0.0005,32,0.8,random,2026,Adam,MSELoss,3,128,Tanh,1,2,0.2,0,10,1000,0.0001738971477607265,0.010582158342003822,0.036446988582611084
23,500,0.0005,32,0.8,random,2026,Adam,MSELoss,3,128,Tanh,1,2,0.3,0,10,1000,0.00011103623546659946,0.00923340767621994,0.027549974620342255
24,500,0.0005,32,0.8,random,2026,Adam,MSELoss,3,128,Tanh,1,2,0.4,0,10,1000,5.981910362606868e-05,0.00691421190276742,0.01539575308561325
25,500,0.0005,32,0.8,random,2026,Adam,MSELoss,3,128,Tanh,1,2,0.5,0,10,1000,7.2735027060844e-05,0.007437614258378744,0.014622032642364502
26,500,0.0005,32,0.8,random,2026,Adam,MSELoss,3,128,Tanh,1,2,0.6,0,10,1000,2.3697513825027272e-05,0.0036295203026384115,0.011576641350984573
27,500,0.0005,32,0.8,random,2026,Adam,MSELoss,3,128,Tanh,1,2,0.7,0,10,1000,1.9952194634242915e-05,0.0037299797404557467,0.009309083223342896
28,500,0.0005,32,0.8,random,2026,Adam,MSELoss,3,128,Tanh,1,2,0.8,0,10,1000,3.982913312938763e-06,0.0016721077263355255,0.0038953195326030254
29,500,0.0005,32,0.8,random,2026,Adam,MSELoss,3,128,Tanh,1,2,0.9,0,10,1000,7.132481186999939e-06,0.002197743859142065,0.007240116596221924
30,500,0.0005,32,0.8,random,2026,Adam,MSELoss,3,128,Tanh,1,2,1.0,0,10,1000,1.9753570086322725e-05,0.003655454143881798,0.009485561400651932
