Exp,Epochs,Learning rate,Batch size,Train ratio,Split method,Random seed,Optimizer,Loss function,Hidden layers,Neurons per layer,Activation,Delta,Alpha,Beta,Gamma,Omega,Initial Position,Initial Velocity,Duration,Samples,MSE,MAE,Maximum Error,R2 Score
1,500,0.0005,32,0.8,random,42,Adam,MSELoss,3,128,Tanh,0.2,1.0,1.0,0.3,0.5,1.0,0.0,30,3000,1.690903809503652e-05,0.0034328950569033623,0.00893150269985199,0.9998301267623901
2,500,0.0005,32,0.8,random,42,Adam,MSELoss,3,128,Tanh,0.2,1.0,1.0,0.3,0.8,1.0,0.0,30,3000,0.0007136818021535873,0.017163535580039024,0.12395241856575012,0.9951463341712952
3,500,0.0005,32,0.8,random,42,Adam,MSELoss,3,128,Tanh,0.2,1.0,1.0,0.3,1.0,1.0,0.0,30,3000,0.00016766184126026928,0.008372810669243336,0.07004982233047485,0.999291718006134
4,500,0.0005,32,0.8,random,42,Adam,MSELoss,3,128,Tanh,0.2,1.0,1.0,0.3,1.2,1.0,0.0,30,3000,0.0003841751895379275,0.014209272339940071,0.0634695291519165,0.9990752339363098
5,500,0.0005,32,0.8,random,42,Adam,MSELoss,3,128,Tanh,0.2,1.0,1.0,0.3,1.5,1.0,0.0,30,3000,0.00015662805526517332,0.009639011695981026,0.03549504280090332,0.9993305802345276
6,500,0.0005,32,0.8,random,57,Adam,MSELoss,3,128,Tanh,0.2,1.0,1.0,0.3,0.5,1.0,0.0,30,3000,5.6231483540614136e-06,0.0018438136903569102,0.008414849638938904,0.9999464154243469
7,500,0.0005,32,0.8,random,57,Adam,MSELoss,3,128,Tanh,0.2,1.0,1.0,0.3,0.8,1.0,0.0,30,3000,0.00013610970927402377,0.00856657512485981,0.051487624645233154,0.9990537166595459
8,500,0.0005,32,0.8,random,57,Adam,MSELoss,3,128,Tanh,0.2,1.0,1.0,0.3,1.0,1.0,0.0,30,3000,6.578553438885137e-05,0.0056803482584655285,0.03350834548473358,0.9997400045394897
9,500,0.0005,32,0.8,random,57,Adam,MSELoss,3,128,Tanh,0.2,1.0,1.0,0.3,1.2,1.0,0.0,30,3000,0.00039033498615026474,0.014107789844274521,0.05798906087875366,0.9990403056144714
10,500,0.0005,32,0.8,random,57,Adam,MSELoss,3,128,Tanh,0.2,1.0,1.0,0.3,1.5,1.0,0.0,30,3000,4.012181670987047e-05,0.005194081459194422,0.023146480321884155,0.9998249411582947
11,500,0.0005,32,0.8,random,123,Adam,MSELoss,3,128,Tanh,0.2,1.0,1.0,0.3,0.5,1.0,0.0,30,3000,6.463070803874871e-06,0.0017763817450031638,0.012018859386444092,0.999940037727356
12,500,0.0005,32,0.8,random,123,Adam,MSELoss,3,128,Tanh,0.2,1.0,1.0,0.3,0.8,1.0,0.0,30,3000,0.000606450776103884,0.01729731634259224,0.08360094577074051,0.9959111213684082
13,500,0.0005,32,0.8,random,123,Adam,MSELoss,3,128,Tanh,0.2,1.0,1.0,0.3,1.0,1.0,0.0,30,3000,4.722898211184656e-06,0.0017477321671321988,0.009387806057929993,0.9999808073043823
14,500,0.0005,32,0.8,random,123,Adam,MSELoss,3,128,Tanh,0.2,1.0,1.0,0.3,1.2,1.0,0.0,30,3000,9.40573081606999e-05,0.0063521782867610455,0.06352788209915161,0.9997646808624268
15,500,0.0005,32,0.8,random,123,Adam,MSELoss,3,128,Tanh,0.2,1.0,1.0,0.3,1.5,1.0,0.0,30,3000,0.0005872937035746872,0.017185136675834656,0.1527268886566162,0.9975405335426331
16,500,0.0005,32,0.8,random,999,Adam,MSELoss,3,128,Tanh,0.2,1.0,1.0,0.3,0.5,1.0,0.0,30,3000,1.4010711311129853e-05,0.0028608774300664663,0.015129715204238892,0.9998533725738525
17,500,0.0005,32,0.8,random,999,Adam,MSELoss,3,128,Tanh,0.2,1.0,1.0,0.3,0.8,1.0,0.0,30,3000,7.490613643312827e-05,0.006179051008075476,0.03121500462293625,0.9994160532951355
18,500,0.0005,32,0.8,random,999,Adam,MSELoss,3,128,Tanh,0.2,1.0,1.0,0.3,1.0,1.0,0.0,30,3000,0.0004379517340566963,0.016742808744311333,0.04674602299928665,0.9981570839881897
19,500,0.0005,32,0.8,random,999,Adam,MSELoss,3,128,Tanh,0.2,1.0,1.0,0.3,1.2,1.0,0.0,30,3000,0.0006685321568511426,0.018510131165385246,0.07901346683502197,0.9983448386192322
20,500,0.0005,32,0.8,random,999,Adam,MSELoss,3,128,Tanh,0.2,1.0,1.0,0.3,1.5,1.0,0.0,30,3000,0.0026415721513330936,0.040853772312402725,0.1385565996170044,0.988955557346344
21,500,0.0005,32,0.8,random,2026,Adam,MSELoss,3,128,Tanh,0.2,1.0,1.0,0.3,0.5,1.0,0.0,30,3000,0.0003507371584419161,0.014465952292084694,0.0438598096370697,0.9964603781700134
22,500,0.0005,32,0.8,random,2026,Adam,MSELoss,3,128,Tanh,0.2,1.0,1.0,0.3,0.8,1.0,0.0,30,3000,2.492463136150036e-05,0.003910187166184187,0.01644963026046753,0.9998205900192261
23,500,0.0005,32,0.8,random,2026,Adam,MSELoss,3,128,Tanh,0.2,1.0,1.0,0.3,1.0,1.0,0.0,30,3000,6.663677777396515e-05,0.005695495288819075,0.023580551147460938,0.9997225403785706
24,500,0.0005,32,0.8,random,2026,Adam,MSELoss,3,128,Tanh,0.2,1.0,1.0,0.3,1.2,1.0,0.0,30,3000,0.00013508171832654625,0.009871446527540684,0.03912299871444702,0.9996736645698547
25,500,0.0005,32,0.8,random,2026,Adam,MSELoss,3,128,Tanh,0.2,1.0,1.0,0.3,1.5,1.0,0.0,30,3000,0.00016233186761382967,0.009866554290056229,0.0409453883767128,0.9993072748184204
